{"gyro_bias": [400.10477862595343, 1.350458015267177, 496.66322900763447], "accel_bias": [3.53441455078125, 3.94196826171875, -0.566443115234375]}